,group1_name,group1_members1,group1_members2,group1_members3,group1_members4,group2_name,group2_members1,group2_members2,group2_members3,group2_members4,group3_name,group3_members1,group3_members2,group3_members3,group3_members4,group4_name,group4_members1,group4_members2,group4_members3,group4_members4
0,,,,,,,,,,,,,,,,,,,,
1,,,,,,,,,,,,,,,,,,,,
2,,,,,,,,,,,,,,,,,,,,
3,,,,,,,,,,,,,,,,,,,,
4,,,,,,,,,,,,,,,,,,,,
5,,,,,,,,,,,,,,,,,,,,
6,,shin,thigh,knee,calf,,john,joey,kid,can,,silver,cub,star,throne,,,,,
7,,chess,queen,king,checkers,,ruby,fire truck,cryptography,stop sign,,backgammon,go,cherry,twin,,locksmith,piano,florida,full
8,,,,,,,,,,,,,,,,,,,,
9,,,,,,,,,,,,,,,,,,,,
10,,cardamom,clove,cumin,ginger,,baby,angel,boo,sweetie,,airplane,bird,pegasus,sugar,,coriander,cardamom,pegasus,honey
11,,,,,,,,,,,,,,,,,,,,
12,,,,,,,,,,,,,,,,,,,,
13,,mario,warner,sonic,jonas,,murphy,passport,bunk,trundle,,accond,mario,pilot,canopy,,crash,link,civic,wright
14,,cluck,caw,tweet,chirp,,rod,silver,turquoise,pink,,jones,hook,reel,brown,,lure,tackle,sparrow,chick
15,,coffee,latte,cappuccino,americano,,kelly,fox,walnut,olive,,bean,pecan,cashew,almond,,clean,forest,return,lookup
16,,,,,,,,,,,,,,,,,,,,
17,,quad,howser,lat,bill,,brown,ribbon,medal,trophy,,quinn,commander,pec,bear,,house,cup,grey,bill
18,,,,,,,,,,,,,,,,,,,,
19,,,,,,,,,,,,,,,,,,,,
20,,,,,,,,,,,,,,,,,,,,
21,,husky,boxer,poodle,dalmatian,,stop,bite,yield,wave,,snout,muzzle,trunk,,,,,,
22,,vogue,byrd,rolling stone,beach boy,,twist,sausage,fortune,website,,golf course,macarena,beatle,chain,,mashed potato,wiring,dougie,monkee
23,,fancy,love,relish,savor,,like,literally,um,well,,cylinder,pin,spring,tumbler,,carrot,hurts,jewel,om
24,,,,,,,,,,,,,,,,,,,,
25,,poland,denmark,portugal,greece,,petty,mild,mimic,echo,,cruise,parrot,waits,mix,,dill,livid,holland,copy
26,,fedora,fez,beret,hat,,page,cover,jacket,pot,,liver,kidney,lung,spine,,rabbit,ass,knife,jacket
27,,,,,,,,,,,,,,,,,,,,
28,,,,,,,,,,,,,,,,,,,,
29,,shoulder,elbow,wrist,hip,,raven,shell,airplane,oklahoma,,packer,cowboy,bowtie,sprial,,bronco,mother,knee,them
30,,,,,,,,,,,,,,,,,,,,
31,,sole,ryan,heel,duckie,,sorry,risk,tongue,bond,,lace,band,cement,hunt,,clue,trouble,smart,soul
32,,,,,,,,,,,,,,,,,,,,
33,,fragrance,aroma,scent,bouquet,,scissors,paper,jack,boar,,funk,country,rock,blues,,bull,buck,shoot,soul
34,,,,,,,,,,,,,,,,,,,,
35,,,,,,,,,,,,,,,,,,,,
36,,otter,dolphin,seal,hawk,,peddle,spoke,vend,tong,,saddle,chain, spoke,chin,,malt,cub,brake,move
37,,maple,ash,pine,cedar,,jump,everything,hill,valley,,plain,plateau,mountain,elm,,poppy,sesame,fear,onion
38,,newton,watch,clock,second,,j,bob,evil,mole,,crop,hertz,pepper,shag,,no,sundial,pixel,hourglass
39,,flute,bassoon,oboe,clarinet,,wayfarer,hooped,aviator,monk,,lid,cover,top,wraparound,,harbor,harp,cat eye,cap
40,,fiji,malta,dasani,cuba,,sam,joe,tony,lucky,,java,pop,brew,evian,,palau,japan,mud,voss
41,,snorkel,race,fins,house,,hyphen,comma,tank,bolt,,sprint,jungle,mask,doja,,fat,dash,colon,om
42,,irate,furious,livid,incensed,,pelican,canary,booby,gull,,school bus,sunflower,banana,beastie,,hardy,lost,beach,pelican
43,,plasma,gas,liquid,stale,,routed,cut,undo,copy,,tesla,slate,shellac,solid,,crush,hurts,jewel,paste
44,,,,,,,,,,,,,,,,,,,,
45,,philadelphia,chicago,manhattan,rio,,squall,blizzard,hurricane,cyclone,,glamour,elle,w,allure,,screwdriver,munich,cosmopolitan,hurricane
46,,forest,tundra,grassland,desert,,go,can,cha,nae,,tree,monitor,warrior,gecko,,,,,
47,,,,,,,,,,,,,,,,,,,,
48,,,,,,,,,,,,,,,,,,,,
49,,mile,yard,inch,foot,,pen,nick,tempera,oil,,samosa,falafel,katsu,schnitzel,,acrylic,watercolor,dim,quarter
50,,grinder,match,blade,tinder,,scott,hero,hoagie,lost boys,,near dark,sunset,twilight,west,,ant,driver,bumble,hurt
51,,mouse,keyboard,rat,hamster,,mouse,speaker,harp,monitor,,triangle,horn,gripe,carp,,mouse,teeth,gerbil,hippo
52,,,,,,,,,,,,,,,,,,,,
53,,rocky,temple,shrine,altar,,syvester,calvin,tom,harry,,silks,reliquary,abbey,chester,,grover,felix,tony,garfield
54,,,,,,,,,,,,,,,,,,,,
55,,,,,,,,,,,,,,,,,,,,
56,,,,,,,,,,,,,,,,,,,,
57,,,,,,,,,,,,,,,,,,,,
58,,,,,,,,,,,,,,,,,,,,
59,,,,,,,,,,,,,,,,,,,,
60,,hawking,einstein,oppenheimer,feynman,,crikey,mate,west,bush,,selling,genius,flair,gift,,barbie,match,moot,faculty
61,,fa,la,ma,pi,,mu,nu,pa,ti,,co,he,na,xi,,do,fe,he,ma
62,,snap,curl,squat,press,,plank,buckle,button,zip,,obvious,nothing,nada,zip,,crunch,kangaroo,lunge,jack
63,,,,,,,,,,,,,,,,,,,,
64,,plasma,fire,gas,steam,,wedding,circus,saturn,earth,, plasma,liquid,air,water,,tree,juice,hurts,vigor
65,,millennium,century,decade,year,,munch,pancake,omelet,bacon,,rose,whistler,juror,close,,cereal,egg,hurts,jewel
66,,pie,cake,tart,cobbler,,fudge,miller,mason,smith,,one,distort,twist,root,,doctor,fisher,dance,meal
67,,fancy,love,relish,savour,,like,literally,um,well,,cylinder,pin,spring,tumbler,,carrot,hurts,jewel,om
68,,,,,,,,,,,,,,,,,,,,
69,,,,,,,,,,,,,,,,,,,,
70,,,,,,,,,,,,,,,,,,,,
71,,,,,,,,,,,,,,,,,,,,
72,,,,,,,,,,,,,,,,,,,,
73,,mastodon,outfit,duds,threads,,misses,florps,x,getup,,dodo,trilobite,turkeys,mammoth,,peck,smack,getup,busts
74,,party,bash,shindig,blowout,,whale,island,range,sink,,mixer,bunny,egg,puppet,,counter,cricket,woodcarver,sunday
75,,taboo,nike,risk,killer,,opinion,national,trouble,atlas,,style,paris,notorious,sorry,,foxy,gucci,hermes,business
76,,tender,breast,infant,pub,,snare,wing,eagle,cymbal,,swimming,hole,kick,driver,,stroke,tom,ticker,drumstick
77,,,,,,,,,,,,,,,,,,,,
78,,,,,,,,,,,,,,,,,,,,
79,,slide,swing,seesaw,sandbox,,sway,pull,ankh,weight,,courier,impact,crook,clout,,slide,eye,papyrus,times
80,,,,,,,,,,,,,,,,,,,,
81,,,,,,,,,,,,,,,,,,,,
82,,,,,,,,,,,,,,,,,,,,
83,,fancy,love,relish,savor,,like,literally,um,well,,cylinder,pin,spring,tumbler,,carrot,hurts,jewel,om
84,,saw,brush,park,lawn,,high,neutral,palette,canvas,,gear, folding,drive,easel,,first,comb,reverse,zipper
85,,graph,chart,map,diagram,,stuffing,icing,extra,pie,,montero,turkey,gravy,satisfaction,,i ran,istanbul,bonus,perk
86,,,,,,,,,,,,,,,,,,,,
87,,,,,,,,,,,,,,,,,,,,
88,,,,,,,,,,,,,,,,,,,,
89,,,,,,,,,,,,,,,,,,,,
90,,,,,,,,,,,,,,,,,,,,
91,,pumpkin,bell,bat,2001,,firefly,bones,tombstone,7,,weeds,cherry,"20,000",cobweb,,bar,24,451,22
92,,coffee,chai,tea,cocoa,,meow,cluck,bark,oink,,root,branch,dish,dirt,,scoop,skinny,trunk,buzz
93,,leave,nepo,scram,you,,get out,peon,us,them,,beanie,fur,open,santa,,go,nope,pone,return
94,,pupil,iris,retina,lens,,over,phony,fake,sham,,michelle,roger,stan,lola,,copy,out,bogus,alejandro
95,,,,,,,,,,,,,,,,,,,,
96,,,,,,,,,,,,,,,,,,,,
97,,,,,,,,,,,,,,,,,,,,
98,,quick,bright,sharp,spirit,,outlaw,frontier,cowboy,sheriff,,southwest,mars,alaska,drifter,,rogers,smart,clever,lasso
99,,tab,relation,bookmark,laundry,,cuff,collar,window,pocket,,tie,martini,history,dozen,,joke,link,button,om
